{"train/loss": 0.9801, "train/grad_norm": 3.125, "train/learning_rate": 0.0, "train/epoch": 1.0, "train/global_step": 52, "_timestamp": 1714638433.3367999, "_runtime": 275.25253081321716, "_step": 57, "eval/loss": 1.0592284202575684, "eval/runtime": 6.388, "eval/samples_per_second": 32.717, "eval/steps_per_second": 4.227, "train_runtime": 277.2262, "train_samples_per_second": 3.001, "train_steps_per_second": 0.188, "total_flos": 1.108329032835072e+16, "train_loss": 1.3183509271878462}