{"train/loss": 0.6103, "train/grad_norm": 6.1875, "train/learning_rate": 0.0, "train/epoch": 0.9987878787878788, "train/global_step": 618, "_timestamp": 1716992117.522174, "_runtime": 2034.7917819023132, "_step": 623, "eval/loss": 0.6732169985771179, "eval/runtime": 35.1566, "eval/samples_per_second": 31.289, "eval/steps_per_second": 3.925, "train_runtime": 2037.3687, "train_samples_per_second": 4.859, "train_steps_per_second": 0.303, "total_flos": 1.4629446483134054e+17, "train_loss": 0.8237355445002275}