{"train/loss": 0.3037, "train/grad_norm": 11.75, "train/learning_rate": 1e-05, "train/epoch": 1.0, "train/global_step": 1, "_timestamp": 1714045891.3425343, "_runtime": 189.0227792263031, "_step": 2, "eval/loss": 2.2086753845214844, "eval/runtime": 0.0547, "eval/samples_per_second": 36.582, "eval/steps_per_second": 18.291, "train_runtime": 191.3669, "train_samples_per_second": 0.01, "train_steps_per_second": 0.005, "total_flos": 19369438101504.0, "train_loss": 0.3037072420120239}