{"train/loss": 0.3512, "train/grad_norm": 7.15625, "train/learning_rate": 0.0, "train/epoch": 2.998787878787879, "train/global_step": 1854, "_timestamp": 1717413263.0911944, "_runtime": 2018.9429743289948, "_step": 623, "eval/loss": 0.5853598117828369, "eval/runtime": 36.1111, "eval/samples_per_second": 30.462, "eval/steps_per_second": 3.822, "train_runtime": 2025.1298, "train_samples_per_second": 14.666, "train_steps_per_second": 0.915, "total_flos": 4.5158266367115264e+17, "train_loss": 0.14093914882811398}