{"train_runtime": 195.5652, "train_samples_per_second": 0.01, "train_steps_per_second": 0.005, "total_flos": 19369438101504.0, "train_loss": 0.40000680088996887, "train/epoch": 2.0, "train/global_step": 2, "_timestamp": 1714116249.5122068, "_runtime": 2010.8446156978607, "_step": 5, "train/loss": 0.4172, "train/grad_norm": 45.25, "train/learning_rate": 0.0, "eval/loss": 1.7247862815856934, "eval/runtime": 0.0531, "eval/samples_per_second": 37.692, "eval/steps_per_second": 18.846}