{"train/loss": 0.7891, "train/grad_norm": 14.25, "train/learning_rate": 0.0, "train/epoch": 1.0, "train/global_step": 52, "_timestamp": 1714652402.9839396, "_runtime": 461.84688353538513, "_step": 57, "eval/loss": 0.8758261799812317, "eval/runtime": 6.6517, "eval/samples_per_second": 31.421, "eval/steps_per_second": 4.059, "train_runtime": 469.2526, "train_samples_per_second": 1.773, "train_steps_per_second": 0.111, "total_flos": 1.2295668110082048e+16, "train_loss": 1.107144818856166, "_wandb": {"runtime": 1090}}