{"train/loss": 0.5441, "train/grad_norm": 6.78125, "train/learning_rate": 0.0, "train/epoch": 1.0, "train/global_step": 52, "_timestamp": 1714385030.5776467, "_runtime": 404.9722638130188, "_step": 57, "eval/loss": 0.6180618405342102, "eval/runtime": 7.4174, "eval/samples_per_second": 28.177, "eval/steps_per_second": 3.64, "train_runtime": 408.2504, "train_samples_per_second": 2.038, "train_steps_per_second": 0.127, "total_flos": 1.3998386776670208e+16, "train_loss": 0.793017833851851}