{"train/loss": 0.1063, "train/grad_norm": 5.90625, "train/learning_rate": 0.0, "train/epoch": 2.996363636363636, "train/global_step": 1854, "_timestamp": 1718370758.5921657, "_runtime": 9769.875580787659, "_step": 2493, "eval/loss": 0.7757285237312317, "eval/runtime": 35.2042, "eval/samples_per_second": 31.246, "eval/steps_per_second": 3.92, "train_runtime": 5950.954, "train_samples_per_second": 4.991, "train_steps_per_second": 0.312, "total_flos": 4.389243518961746e+17, "train_loss": 0.29659911837456937}