{"train/loss": 1.0673, "train/grad_norm": 4.59375, "train/learning_rate": 0.0, "train/epoch": 1.0, "train/global_step": 52, "_timestamp": 1714655301.2438655, "_runtime": 416.4038634300232, "_step": 57, "eval/loss": 1.1489548683166504, "eval/runtime": 6.3766, "eval/samples_per_second": 32.776, "eval/steps_per_second": 4.234, "train_runtime": 418.8873, "train_samples_per_second": 1.986, "train_steps_per_second": 0.124, "total_flos": 1.108329032835072e+16, "train_loss": 1.488176785982572}