{"train/loss": 1.1084, "train/grad_norm": 6.96875, "train/learning_rate": 6.742507167129465e-06, "train/epoch": 0.4476767676767677, "train/global_step": 277, "_timestamp": 1716889820.6883812, "_runtime": 8163.265668153763, "_step": 334, "eval/loss": 1.236860752105713, "eval/runtime": 388.7159, "eval/samples_per_second": 2.83, "eval/steps_per_second": 0.355}