{"train/loss": 1.1357, "train/grad_norm": 7.21875, "train/learning_rate": 8.691683972862792e-06, "train/epoch": 0.31191919191919193, "train/global_step": 193, "_timestamp": 1716887616.146262, "_runtime": 5958.72354888916, "_step": 249, "eval/loss": 1.3084659576416016, "eval/runtime": 388.8448, "eval/samples_per_second": 2.829, "eval/steps_per_second": 0.35