{"train/loss": 1.7847, "train/grad_norm": 7.59375, "train/learning_rate": 9.971214073424906e-06, "train/epoch": 0.13090909090909092, "train/global_step": 81, "_timestamp": 1716884805.708963, "_runtime": 3148.2862498760223, "_step": 136}