{"train/loss": 1.1445, "train/grad_norm": 8.1875, "train/learning_rate": 6.609426516325859e-06, "train/epoch": 0.45575757575757575, "train/global_step": 282, "_timestamp": 1716889928.9514122, "_runtime": 8271.528699159622, "_step": 339, "eval/loss": 1.236860752105713, "eval/runtime": 388.7159, "eval/samples_per_second": 2.83, "eval/steps_per_second": 0.355}