{"train/loss": 0.9243, "train/grad_norm": 4.25, "train/learning_rate": 4.3240346640782014e-06, "train/epoch": 0.5882828282828283, "train/global_step": 364, "_timestamp": 1716898769.1818485, "_runtime": 8687.125911474228, "_step": 365, "eval/loss": 1.0299289226531982, "eval/runtime": 392.2878, "eval/samples_per_second": 2.804, "eval/steps_per_second": 0.352}