{"train/loss": 0.7039, "train/grad_norm": 4.125, "train/learning_rate": 4.184361222964827e-06, "train/epoch": 0.5963636363636363, "train/global_step": 369, "_timestamp": 1716898877.4245918, "_runtime": 8795.368654727936, "_step": 370, "eval/loss": 1.0299289226531982, "eval/runtime": 392.2878, "eval/samples_per_second": 2.804, "eval/steps_per_second": 0.352}