{"train/loss": 0.998, "train/grad_norm": 4.6875, "train/learning_rate": 5.759841284778379e-06, "train/epoch": 1.012929292929293, "train/global_step": 626, "_timestamp": 1716906013.1975212, "_runtime": 15931.141584157944, "_step": 631, "eval/loss": 0.981576681137085, "eval/runtime": 393.2752, "eval/samples_per_second": 2.797, "eval/steps_per_second": 0.351, "train_runtime": 15432.9827, "train_samples_per_second": 0.641, "train_steps_per_second": 0.04, "total_flos": 2.620360510459085e+16, "train_loss": 1.1712202053625607}