{"train/loss": 0.5509, "train/grad_norm": 4.53125, "train/learning_rate": 0.0, "train/epoch": 0.9987878787878788, "train/global_step": 618, "_timestamp": 1716986779.280934, "_runtime": 2052.3623700141907, "_step": 623, "eval/loss": 0.5906041264533997, "eval/runtime": 35.7095, "eval/samples_per_second": 30.804, "eval/steps_per_second": 3.865, "train_runtime": 2055.2592, "train_samples_per_second": 4.817, "train_steps_per_second": 0.301, "total_flos": 1.5051307725309542e+17, "train_loss": 0.6797797794191582}