{"train/loss": 0.4262, "train/grad_norm": 10.25, "train/learning_rate": 0.0, "train/epoch": 2.998787878787879, "train/global_step": 1854, "_timestamp": 1717410072.2310524, "_runtime": 8949.26949930191, "_step": 1870, "eval/loss": 0.6647643446922302, "eval/runtime": 35.4836, "eval/samples_per_second": 31.0, "eval/steps_per_second": 3.889, "train_runtime": 1975.8504, "train_samples_per_second": 15.032, "train_steps_per_second": 0.938, "total_flos": 4.38926826405888e+17, "train_loss": 0.16328517826597538}