{"train/loss": 0.5436, "train/grad_norm": 9.8125, "train/learning_rate": 1.0418484001974372e-06, "train/epoch": 2.434747474747475, "train/global_step": 1505, "_timestamp": 1717408912.2629864, "_runtime": 7789.301433324814, "_step": 1517, "eval/loss": 0.6659177541732788, "eval/runtime": 35.4835, "eval/samples_per_second": 31.0, "eval/steps_per_second": 3.889, "train_runtime": 4026.9215, "train_samples_per_second": 4.917, "train_steps_per_second": 0.307, "total_flos": 2.926082991007826e+17, "train_loss": 0.680837799502615}