{"train/loss": 0.4749, "train/grad_norm": 12.75, "train/learning_rate": 0.0, "train/epoch": 2.0, "train/global_step": 2, "_timestamp": 1713438558.8678446, "_runtime": 4403.932601690292, "_step": 6, "eval/loss": 1.5165433883666992, "eval/runtime": 0.0574, "eval/samples_per_second": 34.87, "eval/steps_per_second": 17.435, "train_runtime": 287.1824, "train_samples_per_second": 0.007, "train_steps_per_second": 0.003, "total_flos": 19369438101504.0, "train_loss": 0.45630404353141785}