{"train/loss": 0.8149, "train/grad_norm": 3.140625, "train/learning_rate": 0.0, "train/epoch": 1.9987878787878788, "train/global_step": 1236, "_timestamp": 1716998645.1622124, "_runtime": 4751.729376316071, "_step": 1247, "eval/loss": 0.817283034324646, "eval/runtime": 33.6747, "eval/samples_per_second": 32.665, "eval/steps_per_second": 4.098, "train_runtime": 1789.1438, "train_samples_per_second": 11.067, "train_steps_per_second": 0.691, "total_flos": 2.638005460831273e+17, "train_loss": 0.4049014587521939}