{"train/loss": 0.4894, "train/grad_norm": 5.1875, "train/learning_rate": 0.0, "train/epoch": 1.9987878787878788, "train/global_step": 1236, "_timestamp": 1717006469.3985076, "_runtime": 6833.805012702942, "_step": 1248, "eval/loss": 0.5796011686325073, "eval/runtime": 35.8573, "eval/samples_per_second": 30.677, "eval/steps_per_second": 3.849, "train_runtime": 1958.7419, "train_samples_per_second": 10.109, "train_steps_per_second": 0.631, "total_flos": 3.0104501197676544e+17, "train_loss": 0.24418738246880303}