{"train/loss": 0.4969, "train/grad_norm": 11.1875, "train/learning_rate": 1e-05, "train/epoch": 0.12, "train/global_step": 6, "_timestamp": 1714651391.2760835, "_runtime": 1621.963784456253, "_step": 63, "eval/loss": 0.869633138179779, "eval/runtime": 6.653, "eval/samples_per_second": 31.414, "eval/steps_per_second": 4.058, "train_runtime": 376.3392, "train_samples_per_second": 2.211, "train_steps_per_second": 0.138, "total_flos": 1.2295668110082048e+16, "train_loss": 1.1032357112719462, "_wandb": {"runtime": 1041}}