{"train/loss": 0.7807, "train/grad_norm": 12.1875, "train/learning_rate": 0.0, "train/epoch": 1.0, "train/global_step": 52, "_timestamp": 1714650142.8730648, "_runtime": 373.5607657432556, "_step": 57, "eval/loss": 0.869633138179779, "eval/runtime": 6.653, "eval/samples_per_second": 31.414, "eval/steps_per_second": 4.058, "train_runtime": 376.3392, "train_samples_per_second": 2.211, "train_steps_per_second": 0.138, "total_flos": 1.2295668110082048e+16, "train_loss": 1.1032357112719462}