{"train/loss": 0.5612, "train/grad_norm": 34.25, "train/learning_rate": 1e-05, "train/epoch": 1.0, "train/global_step": 1, "_timestamp": 1713439361.1823301, "_runtime": 237.59174418449402, "_step": 2, "eval/loss": 2.050649642944336, "eval/runtime": 0.054, "eval/samples_per_second": 37.046, "eval/steps_per_second": 18.523, "train_runtime": 239.6596, "train_samples_per_second": 0.008, "train_steps_per_second": 0.004, "total_flos": 19369438101504.0, "train_loss": 0.5611554980278015}