{"train/loss": 0.4172, "train/grad_norm": 45.25, "train/learning_rate": 0.0, "train/epoch": 2.0, "train/global_step": 2, "_timestamp": 1714116853.8498297, "_runtime": 184.40856266021729, "_step": 2, "eval/loss": 1.7247862815856934, "eval/runtime": 0.0546, "eval/samples_per_second": 36.663, "eval/steps_per_second": 18.332, "train_runtime": 186.8208, "train_samples_per_second": 0.021, "train_steps_per_second": 0.011, "total_flos": 38738876203008.0, "train_loss": 0.20858466625213623}