{"train/loss": 0.2985, "train/grad_norm": 29.0, "train/learning_rate": 0.0, "train/epoch": 3.0, "train/global_step": 3, "_timestamp": 1713360140.5630715, "_runtime": 891.723655462265, "_step": 6, "eval/loss": 1.529975175857544, "eval/runtime": 0.0537, "eval/samples_per_second": 37.219, "eval/steps_per_second": 18.61, "train_runtime": 894.2537, "train_samples_per_second": 0.007, "train_steps_per_second": 0.003, "total_flos": 58108314304512.0, "train_loss": 0.4087369441986084}