{"train/loss": 0.3037, "train/grad_norm": 11.75, "train/learning_rate": 1e-05, "train/epoch": 1.0, "train/global_step": 1, "_timestamp": 1714054859.6086369, "_runtime": 273.68710684776306, "_step": 2, "eval/loss": 2.2086753845214844, "eval/runtime": 0.0545, "eval/samples_per_second": 36.68, "eval/steps_per_second": 18.34, "train_runtime": 276.4519, "train_samples_per_second": 0.007, "train_steps_per_second": 0.004, "total_flos": 19369438101504.0, "train_loss": 0.3037072420120239}