{"train/loss": 0.127, "train/grad_norm": 2.40625, "train/learning_rate": 0.0, "train/epoch": 3.0, "train/global_step": 3, "_timestamp": 1713267645.485798, "_runtime": 559.0314629077911, "_step": 6, "eval/loss": 1.0517544746398926, "eval/runtime": 0.7331, "eval/samples_per_second": 5.456, "eval/steps_per_second": 1.364, "train_runtime": 560.9357, "train_samples_per_second": 0.021, "train_steps_per_second": 0.005, "total_flos": 1738129753866240.0, "train_loss": 0.2903645833333333}