{"train/loss": 0.4563, "train/grad_norm": 8.75, "train/learning_rate": 1e-05, "train/epoch": 1.0, "train/global_step": 1, "_timestamp": 1713431656.2101147, "_runtime": 5.0532896518707275, "_step": 1, "eval/loss": 2.050649642944336, "eval/runtime": 0.0547, "eval/samples_per_second": 36.54, "eval/steps_per_second": 18.27}