{"train/loss": 0.6887, "train/grad_norm": 5.5625, "train/learning_rate": 8.266532678284103e-06, "train/epoch": 0.34585858585858587, "train/global_step": 214, "_timestamp": 1717424149.434668, "_runtime": 9582.791532039642, "_step": 1616, "eval/loss": 0.6892983913421631, "eval/runtime": 36.0789, "eval/samples_per_second": 30.489, "eval/steps_per_second": 3.825, "train_runtime": 1818.2651, "train_samples_per_second": 5.445, "train_steps_per_second": 0.34, "total_flos": 1.318968240081961e+17, "train_loss": 1.0350687170588082}