{"train/loss": 0.8058, "train/grad_norm": 3.546875, "train/learning_rate": 0.0, "train/epoch": 2.998787878787879, "train/global_step": 1854, "_timestamp": 1717428639.647398, "_runtime": 14073.00426197052, "_step": 2649, "eval/loss": 0.8116065859794617, "eval/runtime": 34.1224, "eval/samples_per_second": 32.237, "eval/steps_per_second": 4.044, "train_runtime": 1810.4024, "train_samples_per_second": 16.405, "train_steps_per_second": 1.024, "total_flos": 3.9570062090438246e+17, "train_loss": 0.2637146331506511}