{"train/loss": 1.8662, "train/grad_norm": 8.5625, "train/learning_rate": 0.0, "train/epoch": 1.0, "train/global_step": 52, "_timestamp": 1714041233.1272104, "_runtime": 2690.5494153499603, "_step": 78, "eval/loss": 2.0031774044036865, "eval/runtime": 44.2943, "eval/samples_per_second": 4.718, "eval/steps_per_second": 0.61, "train_runtime": 966.0112, "train_samples_per_second": 0.861, "train_steps_per_second": 0.054, "total_flos": 1389982281646080.0, "train_loss": 2.133357121394231, "_wandb": {"runtime": 2236}}