{"train/loss": 0.5998, "train/grad_norm": 6.375, "train/learning_rate": 0.0, "train/epoch": 1.0, "train/global_step": 52, "_timestamp": 1714654015.119227, "_runtime": 459.9006550312042, "_step": 57, "eval/loss": 0.680079996585846, "eval/runtime": 6.7726, "eval/samples_per_second": 30.859, "eval/steps_per_second": 3.987, "train_runtime": 462.7131, "train_samples_per_second": 1.798, "train_steps_per_second": 0.112, "total_flos": 1.2650632262074368e+16, "train_loss": 0.7910558976806127}