{"train/loss": 0.5997, "train/grad_norm": 7.09375, "train/learning_rate": 0.0, "train/epoch": 1.9975757575757576, "train/global_step": 1236, "_timestamp": 1718356315.544015, "_runtime": 4059.2657330036163, "_step": 1246, "eval/loss": 0.6601172089576721, "eval/runtime": 35.1117, "eval/samples_per_second": 31.329, "eval/steps_per_second": 3.93, "train_runtime": 4061.8051, "train_samples_per_second": 4.875, "train_steps_per_second": 0.304, "total_flos": 2.926082991007826e+17, "train_loss": 0.7084343305828116}