{"train/loss": 0.493, "train/grad_norm": 17.375, "train/learning_rate": 1e-05, "train/epoch": 1.0, "train/global_step": 1, "_timestamp": 1713433322.465973, "_runtime": 3.1700949668884277, "_step": 1, "eval/loss": 2.050649642944336, "eval/runtime": 0.0621, "eval/samples_per_second": 32.182, "eval/steps_per_second": 16.091}